"Time (s)","Latitude (째)","Longitude (째)","Height (m)","Velocity (m/s)","Direction (째)","Horizontal Accuracy (m)","Vertical Accuracy (째)"
9.433031082E-3,6.046040262E1,2.480863065E1,7.170985997E1,NaN,NaN,6.576993691E0,3.000000000E1
3.527796268E-2,6.046040262E1,2.480863065E1,7.170985997E1,NaN,NaN,6.576993691E0,3.000000000E1
3.299120784E0,6.046033807E1,2.480854577E1,6.847176780E1,1.122689247E0,NaN,1.573600550E1,8.889572144E0
4.299087882E0,6.046032103E1,2.480850209E1,6.912866501E1,0.000000000E0,NaN,1.842035720E1,1.905732918E1
5.299055099E0,6.046030608E1,2.480848165E1,6.939060841E1,1.122689247E0,NaN,1.719494317E1,2.704061890E1
6.299021482E0,6.046032144E1,2.480849700E1,6.928880173E1,1.193573356E0,NaN,1.526367463E1,2.479608727E1
7.298989058E0,6.046029708E1,2.480841237E1,6.394957880E1,1.193573356E0,1.792537522E2,7.044192705E0,1.526331520E1
8.939140677E0,6.046027137E1,2.480840761E1,6.767781601E1,1.118096471E0,1.773993968E2,4.513590013E0,9.176195183E0
9.939145923E0,6.046025596E1,2.480840588E1,7.017638888E1,1.043399572E0,1.804157450E2,4.001926041E0,6.010732651E0
1.094195306E1,6.046023938E1,2.480840684E1,7.112333783E1,9.782099128E-1,1.916478544E2,3.982982449E0,5.259878635E0
1.194485521E1,6.046022775E1,2.480840275E1,7.136711752E1,9.782099128E-1,1.919645157E2,3.668809745E0,4.535291195E0
1.294776154E1,6.046021877E1,2.480840131E1,7.133114883E1,8.344929814E-1,1.916129932E2,3.340189810E0,4.009733677E0
1.395026958E1,6.046021289E1,2.480840778E1,7.097643264E1,1.052337646E0,1.890360994E2,3.034185026E0,3.496392727E0
1.495264852E1,6.046019893E1,2.480841206E1,7.063623824E1,1.034498453E0,1.884293737E2,2.860807673E0,3.145848751E0
1.595502162E1,6.046018926E1,2.480840751E1,7.063624030E1,1.034498453E0,1.884293713E2,2.605518077E0,5.345545490E0
1.695705199E1,6.046017896E1,2.480840749E1,7.040434611E1,1.052337646E0,1.799532182E2,2.859641352E0,6.932557798E0
1.795897162E1,6.046016811E1,2.480840585E1,7.048553042E1,1.118941784E0,1.915700277E2,3.081524320E0,7.174894297E0
1.896089137E1,6.046015632E1,2.480840092E1,7.038600980E1,1.295399547E0,1.926745777E2,3.276784481E0,7.144692726E0
1.996252716E1,6.046014936E1,2.480839039E1,7.028639236E1,1.205607533E0,2.234572344E2,3.406521540E0,7.102475829E0
2.096408379E1,6.046014163E1,2.480836783E1,7.027772507E1,1.295399547E0,2.379892363E2,3.564277633E0,7.000294429E0
2.196564400E1,6.046013532E1,2.480834280E1,7.011105757E1,1.433173418E0,2.437259912E2,3.704128616E0,7.146434216E0
2.296715963E1,6.046013042E1,2.480831853E1,7.005806066E1,1.433173418E0,2.479476211E2,3.828120149E0,8.555179460E0
2.396838570E1,6.046012486E1,2.480829914E1,6.999756746E1,1.250202894E0,2.466649691E2,3.938022869E0,7.722150810E0
2.496953404E1,6.046011763E1,2.480827785E1,6.982821148E1,1.250202894E0,2.371099731E2,4.035365630E0,6.186062583E0
2.597060716E1,6.046011032E1,2.480826390E1,6.986494401E1,1.445302844E0,2.262084176E2,4.047205275E0,7.071782917E0
2.697161353E1,6.046010035E1,2.480824678E1,6.975225870E1,1.445302844E0,2.219120795E2,4.131972862E0,5.936445496E0
2.797254992E1,6.046008516E1,2.480824431E1,6.962103684E1,1.445302844E0,1.967119277E2,4.207607238E0,6.809152378E0
2.897343576E1,6.046007220E1,2.480824051E1,6.960539749E1,1.453423023E0,1.919597844E2,4.355578270E0,7.463664622E0
2.997426033E1,6.046005934E1,2.480824104E1,6.958703230E1,1.448330283E0,1.850021330E2,4.362382093E0,8.023561742E0
3.097504461E1,6.046004519E1,2.480824209E1,6.946621848E1,1.479794741E0,1.831601547E2,4.369072139E0,8.665484110E0
3.197576737E1,6.046004021E1,2.480824257E1,6.921697335E1,1.449504733E0,1.931446852E2,4.274663850E0,9.136597032E0
3.297644091E1,6.046000416E1,2.480822476E1,6.927507682E1,1.479794741E0,1.850454500E2,4.748651530E0,9.587711916E0
3.397707379E1,6.045999035E1,2.480822237E1,6.927093043E1,1.499618769E0,1.856134756E2,4.748651530E0,9.975048013E0
3.497766721E1,6.045997673E1,2.480821605E1,6.935450484E1,1.501044273E0,1.897764469E2,4.748651530E0,1.049648470E1
3.597822297E1,6.045995227E1,2.480824573E1,7.103716172E1,1.458078835E0,1.879402408E2,2.000000030E0,3.000000000E0
3.697873831E1,6.045993975E1,2.480824101E1,7.101947215E1,1.412504323E0,1.908608237E2,2.000000018E0,3.000000000E0
3.797922719E1,6.045992448E1,2.480823747E1,7.119859900E1,1.433762893E0,1.852655785E2,2.000000014E0,3.000000000E0
3.897967994E1,6.045990970E1,2.480822848E1,7.115961535E1,1.417008804E0,1.896813062E2,2.000000019E0,3.000000000E0
3.998010612E1,6.045989599E1,2.480822542E1,7.121758841E1,1.418897866E0,1.917393223E2,2.578943839E0,3.000000000E0
4.098050070E1,6.045988179E1,2.480821763E1,7.106784816E1,1.452664439E0,1.939781368E2,2.733254401E0,3.000000000E0
4.198087204E1,6.045987448E1,2.480821531E1,7.096243526E1,1.392647959E0,1.952651622E2,2.628503771E0,3.000000000E0
4.298122025E1,6.045986153E1,2.480821101E1,7.089848415E1,1.274304929E0,1.967825820E2,2.639709127E0,3.000000000E0
4.398154247E1,6.045984394E1,2.480821990E1,7.138925751E1,1.408229590E0,1.876535702E2,2.725146378E0,3.000000000E0
4.498184657E1,6.045983209E1,2.480822735E1,7.151066381E1,1.306285486E0,1.659639726E2,2.652631718E0,3.000000000E0
4.598212886E1,6.045981977E1,2.480821350E1,7.132039613E1,1.232693160E0,1.942180470E2,2.612552624E0,3.000000000E0
4.698239183E1,6.045980836E1,2.480820471E1,7.137075316E1,1.140785560E0,1.956111945E2,2.597424715E0,3.000000000E0
4.798263931E1,6.045979404E1,2.480821161E1,7.143322446E1,1.200607760E0,1.811874378E2,2.619748778E0,3.000000000E0
4.898286855E1,6.045978225E1,2.480820816E1,7.132761662E1,1.110504368E0,1.765833194E2,2.575481010E0,3.000000000E0
4.998308396E1,6.045977200E1,2.480821240E1,7.156893677E1,9.746223050E-1,1.820801798E2,2.565784175E0,3.000000000E0
5.098328292E1,6.045976599E1,2.480821693E1,7.170598429E1,7.650561893E-1,1.826681516E2,2.585111635E0,3.000000000E0
5.198346925E1,6.045975296E1,2.480824591E1,7.164772933E1,1.081662002E0,1.636369337E2,2.661135249E0,3.000000000E0
5.298364329E1,6.045975475E1,2.480825290E1,7.365700369E1,1.056069597E0,1.539860936E2,2.664889578E0,3.126442832E0
5.398380542E1,6.045975108E1,2.480825784E1,7.256945350E1,6.184743796E-1,1.485498795E2,2.704149759E0,3.063090165E0
5.498395634E1,6.045974160E1,2.480827644E1,7.276088088E1,9.799644698E-1,1.465822846E2,2.747954333E0,3.073170070E0
5.598409700E1,6.045973308E1,2.480829676E1,7.251162713E1,1.106825599E0,1.456652061E2,2.750683331E0,3.002116542E0
5.698422754E1,6.045972392E1,2.480831231E1,7.226011597E1,1.170627589E0,1.443084849E2,2.750683330E0,3.035417239E0
5.798434806E1,6.045971958E1,2.480833299E1,7.223902172E1,1.140017059E0,1.382533505E2,2.744098576E0,3.031552762E0
5.898446035E1,6.045971306E1,2.480836065E1,7.229097294E1,1.368551041E0,1.325244139E2,2.871104108E0,3.166913031E0
5.998456550E1,6.045970281E1,2.480838172E1,7.173623537E1,1.477939138E0,1.367665666E2,2.902817417E0,3.508113140E0
6.098466206E1,6.045969331E1,2.480840145E1,7.164296367E1,1.540646946E0,1.401763744E2,2.961538805E0,3.625370361E0
6.198475242E1,6.045968316E1,2.480842500E1,7.158267119E1,1.522387557E0,1.380112193E2,2.976179017E0,3.711846524E0
6.298483539E1,6.045967298E1,2.480844526E1,7.156421408E1,1.527894121E0,1.376934897E2,2.936250037E0,3.677939885E0
6.398491240E1,6.045966045E1,2.480845881E1,7.129496426E1,1.525749674E0,1.448336712E2,2.909264356E0,3.696933573E0
6.498498368E1,6.045964928E1,2.480847453E1,7.117595329E1,1.519886941E0,1.475424274E2,2.875435091E0,3.564847637E0
6.598504853E1,6.045964001E1,2.480849712E1,7.162010880E1,1.538020985E0,1.427536430E2,2.866974477E0,3.437984039E0
6.698510921E1,6.045962800E1,2.480851812E1,7.165149691E1,1.519436011E0,1.420159188E2,2.873829628E0,3.363125523E0
6.798516488E1,6.045961683E1,2.480854053E1,7.158326898E1,1.495101034E0,1.437323271E2,2.908417422E0,3.397432547E0
6.898521543E1,6.045960504E1,2.480855342E1,7.152338768E1,1.512859689E0,1.496041688E2,2.903293344E0,3.404811527E0
6.998526239E1,6.045959379E1,2.480856661E1,7.141562822E1,1.531724885E0,1.490723462E2,2.997652530E0,3.446027060E0
7.098530555E1,6.045958560E1,2.480859392E1,7.154421917E1,1.539340224E0,1.394974881E2,2.976838652E0,3.448422716E0
7.198534417E1,6.045957541E1,2.480860972E1,7.096513535E1,1.530562027E0,1.384437410E2,2.951408792E0,3.494353956E0
7.298537982E1,6.045956505E1,2.480862893E1,7.083029917E1,1.535411415E0,1.378123467E2,2.974912198E0,3.565218250E0
7.398541212E1,6.045955217E1,2.480864149E1,7.074229950E1,1.528770242E0,1.482342643E2,2.937993097E0,3.560770564E0
7.498544180E1,6.045953682E1,2.480864621E1,7.065434794E1,1.554536319E0,1.591026652E2,2.902724108E0,3.523504663E0
7.598546731E1,6.045952142E1,2.480863553E1,7.092322288E1,1.525824836E0,1.788145397E2,2.911515146E0,3.529331163E0
7.698549128E1,6.045950700E1,2.480862488E1,7.062609582E1,1.531989898E0,1.905044188E2,2.931184477E0,3.597298136E0
7.798551250E1,6.045949319E1,2.480861343E1,7.075578210E1,1.530504403E0,2.007060223E2,2.909837846E0,3.618915982E0
7.898553145E1,6.045947764E1,2.480860817E1,7.102188926E1,1.546155194E0,1.973850415E2,2.971942401E0,3.947438226E0
7.998554766E1,6.045946427E1,2.480860038E1,7.159273563E1,1.519613596E0,1.952629253E2,3.002095081E0,4.129789925E0
8.098556221E1,6.045945170E1,2.480858555E1,7.166015673E1,1.513806802E0,1.988503019E2,3.068655927E0,4.358747721E0
8.198557413E1,6.045943854E1,2.480857036E1,7.096984758E1,1.512710446E0,2.041439820E2,3.066100915E0,4.365140056E0
8.298558474E1,6.045942367E1,2.480856051E1,7.109784481E1,1.556942402E0,2.004734818E2,3.027544148E0,4.124413638E0
8.398559356E1,6.045940847E1,2.480855100E1,7.135532691E1,1.532181146E0,1.988105001E2,3.051050646E0,4.105049183E0
8.498560071E1,6.045939507E1,2.480854136E1,7.222324917E1,1.514179510E0,1.981352686E2,3.023645423E0,4.011948035E0
8.598560703E1,6.045938201E1,2.480853003E1,6.998562206E1,1.408386927E0,1.996063430E2,2.972463136E0,3.714966207E0
8.698561084E1,6.045937084E1,2.480852813E1,6.996902485E1,1.307491474E0,1.945595475E2,2.923839941E0,3.459979883E0
8.798561478E1,6.045935082E1,2.480853971E1,7.097023977E1,1.556492902E0,1.799616335E2,2.947533675E0,3.630969598E0
8.898561597E1,6.045933750E1,2.480855046E1,7.117504887E1,1.559710265E0,1.693565406E2,2.925077202E0,3.846131409E0
8.998561633E1,6.045932925E1,2.480858071E1,7.231417201E1,1.450957898E0,1.456039511E2,2.953001408E0,3.829660481E0
9.098561609E1,6.045932285E1,2.480860309E1,7.224933523E1,1.455026283E0,1.341278256E2,2.947371138E0,3.661711811E0
9.198561513E1,6.045931345E1,2.480862313E1,7.179318779E1,1.527870126E0,1.363549350E2,2.927244301E0,3.679009069E0
9.298561215E1,6.045930449E1,2.480864373E1,7.099238596E1,1.549195230E0,1.401473265E2,2.940151164E0,3.788906051E0
9.398560858E1,6.045929345E1,2.480866287E1,7.044546297E1,1.522043995E0,1.450268660E2,2.987535416E0,3.822157669E0
9.498560500E1,6.045928543E1,2.480867712E1,7.073430112E1,1.538255919E0,1.466043075E2,3.046624542E0,3.896211636E0
9.598559940E1,6.045927654E1,2.480870157E1,7.077030550E1,1.555531469E0,1.403213806E2,3.103343080E0,4.054741238E0
9.698559391E1,6.045926570E1,2.480871973E1,7.131207151E1,1.535972145E0,1.431618380E2,3.079559757E0,4.071099954E0
9.798558819E1,6.045925400E1,2.480874298E1,7.077025645E1,1.548541019E0,1.429555190E2,3.056951074E0,4.164458867E0
9.898558021E1,6.045924310E1,2.480876249E1,7.051619735E1,1.553887139E0,1.440256196E2,3.029935538E0,3.956633667E0
9.998557258E1,6.045923720E1,2.480878329E1,7.090503170E1,1.550455596E0,1.391869588E2,2.978438756E0,3.892045212E0
1.009855649E2,6.045922911E1,2.480880619E1,7.080857784E1,1.576639178E0,1.357989415E2,3.020979732E0,3.963129838E0
1.019855552E2,6.045921822E1,2.480883258E1,7.109881485E1,1.577469415E0,1.364241552E2,3.030676977E0,3.935976549E0
1.029855461E2,6.045920733E1,2.480886798E1,7.152918892E1,1.574634453E0,1.298468455E2,3.077048469E0,4.024312231E0
1.039855361E2,6.045919810E1,2.480889578E1,7.105909055E1,1.544568977E0,1.296459186E2,3.187742427E0,4.089228643E0
1.049855267E2,6.045918448E1,2.480891274E1,7.136529324E1,1.559823811E0,1.404907932E2,3.312392874E0,4.427768046E0
1.059855152E2,6.045916915E1,2.480892114E1,7.082635110E1,1.573197634E0,1.530840218E2,3.329327160E0,4.479080613E0
1.069855049E2,6.045915672E1,2.480893453E1,7.138412331E1,1.576630434E0,1.563609060E2,3.321750613E0,4.398598188E0
1.079854931E2,6.045914240E1,2.480893981E1,7.111548723E1,1.566613601E0,1.606188401E2,3.307700381E0,4.268814542E0
1.089854814E2,6.045912825E1,2.480894454E1,7.095258660E1,1.547581185E0,1.635003189E2,3.311855052E0,4.126820857E0
1.099854690E2,6.045911719E1,2.480896139E1,7.178369464E1,1.551993166E0,1.585733652E2,3.318465907E0,3.935892471E0
1.109854569E2,6.045910256E1,2.480895766E1,7.219864510E1,1.561169881E0,1.696310021E2,3.297499970E0,3.982570052E0
1.119854438E2,6.045908846E1,2.480896424E1,7.213837288E1,1.565810691E0,1.704898104E2,3.279476284E0,3.960837257E0
1.129854311E2,6.045907530E1,2.480898128E1,7.199202869E1,1.575701972E0,1.586700457E2,3.250023944E0,3.847534391E0
1.139854183E2,6.045906621E1,2.480898758E1,7.412576385E1,1.287197329E0,1.592420046E2,3.213859722E0,3.676473340E0
1.149854046E2,6.045904970E1,2.480898921E1,7.348134983E1,1.547248856E0,1.671632322E2,3.186495750E0,3.675137062E0
1.159853913E2,6.045903584E1,2.480899219E1,7.335657663E1,1.506675260E0,1.752964457E2,3.137008251E0,4.009854502E0
1.169853776E2,6.045902149E1,2.480900778E1,7.387793934E1,1.526663098E0,1.675880936E2,3.106548996E0,3.996486762E0
1.179853634E2,6.045900827E1,2.480902442E1,7.296499380E1,1.574571427E0,1.603130006E2,3.051221527E0,3.913183333E0
1.189853489E2,6.045899382E1,2.480904010E1,7.423857353E1,1.556603956E0,1.540486658E2,3.160853431E0,4.053142908E0
1.199853345E2,6.045897988E1,2.480904584E1,7.407400343E1,1.576326484E0,1.551016898E2,3.132805660E0,4.014786119E0
1.209853201E2,6.045896493E1,2.480905537E1,7.363979181E1,1.564266722E0,1.584754900E2,3.101048723E0,4.099842227E0
1.219853055E2,6.045895030E1,2.480906526E1,7.348265492E1,1.563475700E0,1.589735426E2,3.088231700E0,4.174082137E0
1.229852905E2,6.045893424E1,2.480906983E1,7.419873531E1,1.572536075E0,1.629015306E2,3.102421861E0,4.200457780E0
1.239852757E2,6.045891981E1,2.480908299E1,7.427065861E1,1.569502029E0,1.627052723E2,3.089784814E0,4.194332149E0
1.249852606E2,6.045890540E1,2.480909358E1,7.434442197E1,1.573474143E0,1.592642250E2,3.066107383E0,4.220316955E0
1.259852458E2,6.045889165E1,2.480910360E1,7.440132082E1,1.568664298E0,1.597912149E2,3.018411550E0,4.207435215E0
1.269852300E2,6.045887867E1,2.480911146E1,7.409882066E1,1.558772817E0,1.611276271E2,2.970083576E0,4.141422988E0
1.279852142E2,6.045886735E1,2.480911912E1,7.369275300E1,1.517519386E0,1.594373566E2,2.973431752E0,4.225944781E0
1.289851993E2,6.045885447E1,2.480912438E1,7.387607382E1,1.551374413E0,1.608123240E2,2.924760163E0,4.223368271E0
1.299851838E2,6.045883961E1,2.480913321E1,7.354497972E1,1.560138179E0,1.638797935E2,2.902504731E0,4.357208269E0
1.309851686E2,6.045882637E1,2.480913851E1,7.361884028E1,1.548195593E0,1.646372471E2,2.874978528E0,4.427872881E0
1.319851522E2,6.045881346E1,2.480914706E1,7.335282590E1,1.554843282E0,1.620401107E2,2.831229573E0,4.402590915E0
1.329851371E2,6.045880079E1,2.480915675E1,7.351060692E1,1.548595873E0,1.590237330E2,2.804205265E0,4.441647514E0
1.339851208E2,6.045878855E1,2.480916568E1,7.386155783E1,1.553946316E0,1.575726079E2,2.841933960E0,4.402900810E0
1.349880676E2,6.045878110E1,2.480917466E1,7.340029753E1,1.550769018E0,1.516235329E2,2.799837269E0,4.211386435E0
1.359880917E2,6.045876865E1,2.480918012E1,7.273475752E1,1.538068963E0,1.573073600E2,2.808589050E0,4.160964209E0
1.369880750E2,6.045875528E1,2.480919187E1,7.233181725E1,1.539869854E0,1.578041658E2,2.833764825E0,4.257298595E0
1.379879842E2,6.045874380E1,2.480920138E1,7.220335983E1,1.550747487E0,1.576510760E2,2.832539644E0,4.240935919E0
1.389878988E2,6.045873230E1,2.480921696E1,7.208350994E1,1.556664339E0,1.543066530E2,2.808088345E0,4.157989022E0
1.399877744E2,6.045872271E1,2.480923582E1,7.247530529E1,1.561279828E0,1.485728276E2,2.797269852E0,4.036117469E0
1.409876814E2,6.045871208E1,2.480924630E1,7.203892134E1,1.545610625E0,1.523106694E2,2.808271537E0,4.060636052E0
1.419875976E2,6.045869973E1,2.480925612E1,7.204569325E1,1.553018598E0,1.565656613E2,2.767857935E0,4.063989681E0
1.429874737E2,6.045869031E1,2.480927751E1,7.188904124E1,1.581281863E0,1.476853377E2,2.751409524E0,4.022736824E0
1.439873929E2,6.045867940E1,2.480929272E1,7.173047874E1,1.574935050E0,1.464851953E2,2.717473646E0,3.925101255E0
1.449873134E2,6.045867032E1,2.480930343E1,7.093750167E1,1.528581145E0,1.475263541E2,2.703020434E0,3.883457473E0
1.459871924E2,6.045865970E1,2.480931878E1,7.119969053E1,1.554282465E0,1.479214738E2,2.667869417E0,3.767384260E0
1.469871250E2,6.045864846E1,2.480932940E1,7.056949326E1,1.523772262E0,1.505808247E2,2.645620471E0,3.668408602E0
1.479870639E2,6.045863856E1,2.480934325E1,7.030417060E1,1.499712146E0,1.492828182E2,2.613339437E0,3.585967032E0
1.489869635E2,6.045862655E1,2.480936090E1,7.030761137E1,1.543558840E0,1.469404180E2,2.635728372E0,3.630897670E0
1.499868681E2,6.045861683E1,2.480937992E1,7.038322286E1,1.568455829E0,1.421193003E2,2.615754163E0,3.594100689E0
1.509867784E2,6.045860581E1,2.480939370E1,7.059583205E1,1.573254061E0,1.435537436E2,2.591365953E0,3.568166391E0
1.519866920E2,6.045859401E1,2.480941076E1,7.041880488E1,1.564275977E0,1.458581211E2,2.561797648E0,3.554618246E0
1.529866099E2,6.045858338E1,2.480942438E1,6.911892541E1,1.423867857E0,1.496713778E2,2.535412295E0,3.461097808E0
1.539865310E2,6.045857403E1,2.480943730E1,6.791734888E1,1.318462428E0,1.488735985E2,2.546528499E0,3.336489786E0
1.549864569E2,6.045856143E1,2.480945823E1,6.807473109E1,1.484848918E0,1.462386350E2,2.566852471E0,3.304514992E0
1.559863862E2,6.045855203E1,2.480946832E1,6.685860066E1,1.357223028E0,1.506374179E2,2.676413316E0,3.505060897E0
1.569863193E2,6.045854572E1,2.480948605E1,6.664840843E1,1.446168727E0,1.453989001E2,2.712658993E0,3.377394688E0
1.579862534E2,6.045853488E1,2.480950279E1,6.660194134E1,1.505749811E0,1.471394818E2,2.810386507E0,3.655941535E0
1.589861908E2,6.045852318E1,2.480951601E1,6.647730082E1,1.531141687E0,1.516312385E2,2.808778020E0,3.712982612E0
1.599861324E2,6.045851421E1,2.480953951E1,6.710806089E1,1.564626126E0,1.471291442E2,2.789375465E0,3.615537527E0
1.609860750E2,6.045850674E1,2.480956457E1,6.761895787E1,1.560705766E0,1.396669568E2,2.782422700E0,3.645690997E0
1.619860208E2,6.045849664E1,2.480958917E1,6.783545588E1,1.570865131E0,1.364792100E2,2.784207231E0,3.594962916E0
1.629859681E2,6.045848841E1,2.480960806E1,6.782685333E1,1.488220203E0,1.369092754E2,2.778148601E0,3.603819380E0
1.639859179E2,6.045848026E1,2.480963371E1,6.795249016E1,1.561579910E0,1.314241949E2,2.761807884E0,3.512608814E0
1.649858693E2,6.045847110E1,2.480966172E1,6.839587983E1,1.580209133E0,1.286235215E2,2.734155152E0,3.508593796E0
1.659858226E2,6.045846128E1,2.480968572E1,6.866421334E1,1.575495287E0,1.302118427E2,2.727914499E0,3.515134142E0
1.669857774E2,6.045845055E1,2.480970486E1,6.853673689E1,1.553893222E0,1.361532566E2,2.743179301E0,3.661941523E0
1.679857336E2,6.045844400E1,2.480972624E1,6.908003058E1,1.567803707E0,1.284335391E2,2.716531143E0,3.679768683E0
1.689856913E2,6.045843436E1,2.480974310E1,6.862245123E1,1.563146708E0,1.300127297E2,2.720884271E0,3.605189716E0
1.699856505E2,6.045842446E1,2.480976299E1,6.868065070E1,1.578636627E0,1.316413942E2,2.684840052E0,3.484936233E0
1.709856114E2,6.045841463E1,2.480978089E1,6.818644647E1,1.552023503E0,1.353513438E2,2.650598055E0,3.364910738E0
1.719855727E2,6.045840655E1,2.480980624E1,6.874223475E1,1.601139607E0,1.309858325E2,2.658131050E0,3.288632559E0
1.729855360E2,6.045839576E1,2.480982053E1,6.831502653E1,1.582076327E0,1.353913414E2,2.641039780E0,3.249667739E0
1.739855005E2,6.045838614E1,2.480983862E1,6.823031226E1,1.575789563E0,1.381258811E2,2.608987779E0,3.142713022E0
1.749854656E2,6.045837620E1,2.480985732E1,6.832013755E1,1.597104226E0,1.376235856E2,2.578538387E0,3.104260597E0
1.759854312E2,6.045836761E1,2.480987815E1,6.809185853E1,1.591888680E0,1.343165810E2,2.549611463E0,3.124886655E0
1.769853975E2,6.045835864E1,2.480989700E1,6.784439131E1,1.572868536E0,1.341556671E2,2.522130882E0,3.100306066E0
1.779853653E2,6.045835010E1,2.480991594E1,6.796446608E1,1.574388364E0,1.338083103E2,2.496024337E0,3.034171879E0
1.789853344E2,6.045834112E1,2.480993450E1,6.782825456E1,1.560751586E0,1.346094256E2,2.471223117E0,3.000000000E0
1.799853034E2,6.045833324E1,2.480995367E1,6.793617146E1,1.570431409E0,1.337288803E2,2.447661959E0,3.000000000E0
1.809852731E2,6.045832411E1,2.480997294E1,6.777159562E1,1.506020950E0,1.340443535E2,2.425278858E0,3.006174061E0
1.819852434E2,6.045831548E1,2.480999384E1,6.809870991E1,1.576614651E0,1.322514433E2,2.404014898E0,3.000000000E0
1.829852146E2,6.045830575E1,2.481000999E1,6.772865464E1,1.564633656E0,1.360422991E2,2.385795670E0,3.000000000E0
1.839851862E2,6.045829759E1,2.481003453E1,6.805706071E1,1.579403885E0,1.311717452E2,2.366505884E0,3.000000000E0
1.849851584E2,6.045828708E1,2.481005507E1,6.779767536E1,1.594684332E0,1.335192325E2,2.348180576E0,3.000000000E0
1.859851309E2,6.045827590E1,2.481007325E1,6.750723637E1,1.554169219E0,1.373992821E2,2.330771538E0,3.000000000E0
1.869851040E2,6.045826788E1,2.481009900E1,6.750427532E1,1.585631920E0,1.308075818E2,2.314232977E0,3.000000000E0
1.879850777E2,6.045825914E1,2.481012327E1,6.755884987E1,1.577618156E0,1.279209557E2,2.310962437E0,3.000000000E0
1.889850514E2,6.045824954E1,2.481014475E1,6.775900277E1,1.575820061E0,1.305667793E2,2.295414310E0,3.000000000E0
1.899850256E2,6.045824012E1,2.481016211E1,6.768191660E1,1.575230901E0,1.332616280E2,2.281665454E0,3.000000000E0
1.909850008E2,6.045822841E1,2.481017690E1,6.748524007E1,1.572798548E0,1.402921081E2,2.267582194E0,3.000000000E0
1.919849755E2,6.045821932E1,2.481018927E1,6.738806751E1,1.573576215E0,1.428418661E2,2.254203079E0,3.000000000E0
1.929849504E2,6.045820794E1,2.481020461E1,6.726784853E1,1.594378681E0,1.446153262E2,2.241492930E0,3.000000000E0
1.939849266E2,6.045819772E1,2.481022245E1,6.721873249E1,1.583581792E0,1.425179389E2,2.229418277E0,3.000000000E0
1.949849020E2,6.045818723E1,2.481023809E1,6.680068865E1,1.566350783E0,1.410930631E2,2.217947347E0,3.000000000E0
1.959848779E2,6.045817537E1,2.481024996E1,6.689005721E1,1.572970125E0,1.425273219E2,2.207049984E0,3.002933071E0
1.969848546E2,6.045816238E1,2.481026168E1,6.685342468E1,1.580647020E0,1.479789128E2,2.196697490E0,3.000000000E0
1.979848319E2,6.045814870E1,2.481026836E1,6.664638674E1,1.587904704E0,1.559138050E2,2.186862620E0,3.000000000E0
1.989848078E2,6.045813232E1,2.481026158E1,6.651247303E1,1.619529019E0,1.744898049E2,2.177519498E0,3.000000000E0
1.999847857E2,6.045811672E1,2.481025025E1,6.649739675E1,1.608668377E0,1.875449698E2,2.172950869E0,3.000000000E0
2.009847621E2,6.045810369E1,2.481023404E1,6.632744380E1,1.580938547E0,1.989893811E2,2.164303333E0,3.000000000E0
2.019847401E2,6.045809066E1,2.481021282E1,6.587962225E1,1.588979327E0,2.090056813E2,2.156088154E0,3.000000000E0
2.029847177E2,6.045807788E1,2.481019804E1,6.607748706E1,1.585189928E0,2.090911220E2,2.148283757E0,3.000000000E0
2.039846947E2,6.045806447E1,2.481018227E1,6.640394114E1,1.589271280E0,2.091711677E2,2.154794922E0,3.000000000E0
2.049846725E2,6.045805303E1,2.481016510E1,6.654334528E1,1.569800349E0,2.127700632E2,2.147055187E0,3.000000000E0
2.059846511E2,6.045804151E1,2.481015023E1,6.685694842E1,1.566663734E0,2.112671029E2,2.139702426E0,3.000000000E0
2.069846284E2,6.045803074E1,2.481013944E1,6.665682869E1,1.570636055E0,2.074978234E2,2.132717294E0,3.000000000E0
2.079846069E2,6.045802003E1,2.481012382E1,6.664774500E1,1.571277820E0,2.098147861E2,2.126081419E0,3.000000000E0
2.089845858E2,6.045801035E1,2.481011007E1,6.677682448E1,1.534839386E0,2.107280112E2,2.119777349E0,3.000000000E0
2.099845638E2,6.045799744E1,2.481009967E1,6.709748859E1,1.530424022E0,2.098783055E2,2.144751509E0,3.000000000E0
2.109845423E2,6.045798437E1,2.481009125E1,6.672997107E1,1.581962227E0,2.041946687E2,2.137513924E0,3.000000000E0
2.119845206E2,6.045797272E1,2.481008411E1,6.638057772E1,1.539099352E0,1.989581083E2,2.130638208E0,3.000000000E0
2.129844997E2,6.045796092E1,2.481007532E1,6.636231553E1,1.549907686E0,1.982514379E2,2.124106290E0,3.000000000E0
2.139844782E2,6.045794769E1,2.481007493E1,6.610671890E1,1.557285823E0,1.904009004E2,2.123911602E0,3.000000000E0
2.149844571E2,6.045793578E1,2.481007638E1,6.601420173E1,1.560033404E0,1.857408102E2,2.117716025E0,3.000000000E0
2.159844365E2,6.045792522E1,2.481007967E1,6.558405500E1,1.506184376E0,1.807362111E2,2.111830220E0,3.000000000E0
2.169844149E2,6.045791438E1,2.481009757E1,6.507180022E1,1.532261012E0,1.647092924E2,2.106238691E0,3.000000000E0
2.179843946E2,6.045790478E1,2.481011551E1,6.489956194E1,1.554374990E0,1.531015028E2,2.178807074E0,3.000000000E0
2.189843733E2,6.045789746E1,2.481013855E1,6.473200238E1,1.560913685E0,1.412969107E2,2.205148877E0,3.000000000E0
2.199843525E2,6.045788760E1,2.481015433E1,6.452692057E1,1.563679334E0,1.430708611E2,2.236942875E0,3.000000000E0
2.209843323E2,6.045788020E1,2.481017636E1,6.443052318E1,1.529409454E0,1.379346794E2,2.298611595E0,3.000000000E0
2.219843109E2,6.045786691E1,2.481018646E1,6.426509214E1,1.565874984E0,1.511901477E2,2.381170482E0,3.000000000E0
2.229842904E2,6.045785339E1,2.481019475E1,6.300207346E1,1.478182588E0,1.635956169E2,2.398917482E0,3.000000000E0
2.239842699E2,6.045784164E1,2.481022909E1,6.387772861E1,1.641636227E0,1.495938351E2,2.479945119E0,3.196939878E0
2.249842495E2,6.045782941E1,2.481025292E1,6.390483658E1,1.639543938E0,1.479308749E2,2.463839787E0,3.286879716E0
2.259842287E2,6.045781299E1,2.481026576E1,6.317540904E1,1.650369822E0,1.551896971E2,2.484495745E0,3.379996676E0
2.269842087E2,6.045779695E1,2.481027788E1,6.389584112E1,1.667019797E0,1.605554619E2,2.504484040E0,3.347300506E0
2.279841871E2,6.045778266E1,2.481029879E1,6.386231285E1,1.614650943E0,1.545521956E2,2.554601264E0,3.646374726E0
2.289841672E2,6.045776834E1,2.481031790E1,6.378744197E1,1.616091490E0,1.527132197E2,2.623070836E0,3.667169387E0
2.299841468E2,6.045775395E1,2.481033281E1,6.295510801E1,1.608556311E0,1.543183976E2,2.641870891E0,3.609887416E0
2.309841266E2,6.045773913E1,2.481034123E1,6.143049764E1,1.460548336E0,1.608069013E2,2.648979798E0,3.259978380E0
2.319841062E2,6.045772388E1,2.481035129E1,6.055775902E1,1.391157055E0,1.668511338E2,2.726288217E0,3.078908832E0
2.329840851E2,6.045770538E1,2.481038173E1,6.061332049E1,1.557252169E0,1.558233417E2,2.779587118E0,3.239149987E0
2.339840654E2,6.045768519E1,2.481041308E1,6.141097556E1,1.805654759E0,1.488424579E2,2.891057488E0,3.396486778E0
2.349840447E2,6.045766073E1,2.481044610E1,5.961038422E1,2.202031728E0,1.518535453E2,3.075616809E0,3.389104157E0
2.359840246E2,6.045764528E1,2.481045303E1,5.819390194E1,1.832394218E0,1.588114101E2,3.104658936E0,3.223794695E0
2.369840047E2,6.045762263E1,2.481048942E1,5.956574415E1,2.121419887E0,1.499975855E2,3.186848720E0,3.282742058E0
2.379839845E2,6.045759575E1,2.481052705E1,6.176005836E1,2.396106252E0,1.478531640E2,3.236291470E0,3.347109901E0
2.389839636E2,6.045756757E1,2.481055995E1,6.137038784E1,2.648839092E0,1.485631308E2,3.265250188E0,3.243287582E0
2.399839439E2,6.045754252E1,2.481059315E1,6.048418106E1,2.577882238E0,1.488621579E2,3.313157105E0,3.377444083E0
2.409839242E2,6.045751127E1,2.481062607E1,5.892639956E1,2.474039428E0,1.550726241E2,3.320988083E0,3.473874174E0
2.419839034E2,6.045747260E1,2.481065236E1,5.985856560E1,2.767972167E0,1.700808542E2,3.350275297E0,3.681107699E0
2.429838834E2,6.045744502E1,2.481065280E1,5.986087559E1,2.707266198E0,1.819161386E2,3.337255628E0,3.824801136E0
2.439838634E2,6.045741620E1,2.481066511E1,6.044539980E1,2.615371461E0,1.828015106E2,3.334322822E0,3.974513623E0
2.449838436E2,6.045738379E1,2.481067763E1,6.031707602E1,2.833074593E0,1.793436375E2,3.269106997E0,3.996097181E0
2.459838221E2,6.045735177E1,2.481068830E1,6.141947946E1,2.953349176E0,1.794332015E2,3.205651682E0,4.016726900E0
2.469838027E2,6.045732710E1,2.481069094E1,6.036171884E1,2.687741080E0,1.789736878E2,3.145425963E0,3.883219434E0
2.479837824E2,6.045729925E1,2.481069597E1,6.091561887E1,2.665019437E0,1.793467414E2,3.112201268E0,3.971901049E0
2.489837620E2,6.045727130E1,2.481069753E1,6.098821749E1,2.630838956E0,1.824021650E2,3.098181887E0,4.171672546E0
2.499837425E2,6.045724498E1,2.481069939E1,6.034187355E1,2.553651040E0,1.836379319E2,3.085033334E0,3.982610724E0
2.509837216E2,6.045721588E1,2.481070614E1,6.197806609E1,2.664371931E0,1.821367641E2,3.097473100E0,3.980756932E0
2.519837019E2,6.045718784E1,2.481069607E1,5.920712150E1,2.745063036E0,1.880421389E2,3.042599447E0,3.802772413E0
2.529836820E2,6.045716336E1,2.481070179E1,5.894906020E1,2.591640597E0,1.836975191E2,2.995548095E0,3.813225718E0
2.539836621E2,6.045713943E1,2.481070097E1,5.999058412E1,2.548715566E0,1.830789340E2,2.976176342E0,3.836106082E0
2.549836416E2,6.045711407E1,2.481069492E1,5.908037673E1,2.543426746E0,1.880630130E2,2.927367573E0,3.715011526E0
2.559836221E2,6.045708992E1,2.481069259E1,5.892767731E1,2.481460544E0,1.866669227E2,2.880999195E0,3.700464472E0
2.569836009E2,6.045706538E1,2.481068721E1,5.855540994E1,2.502287771E0,1.882207961E2,2.867194207E0,3.549166222E0
2.579835809E2,6.045704274E1,2.481067096E1,5.687752002E1,2.416406135E0,1.980091107E2,2.833093307E0,3.575524686E0
2.589835610E2,6.045701928E1,2.481068124E1,5.695930931E1,2.367719611E0,1.858674367E2,2.799378242E0,3.462125188E0
2.599835416E2,6.045699003E1,2.481070623E1,5.701468095E1,2.602137949E0,1.709103430E2,2.759409339E0,3.426145594E0
2.609865054E2,6.045696431E1,2.481069796E1,5.700905448E1,2.614257102E0,1.795181794E2,2.774584335E0,3.535057520E0
2.619865257E2,6.045693931E1,2.481067938E1,5.696705374E1,2.613635512E0,1.922689945E2,2.798544151E0,3.849664640E0
2.629865059E2,6.045692191E1,2.481065586E1,5.340855367E1,2.322457626E0,2.080106231E2,2.824174237E0,3.697441507E0
2.639865052E2,6.045690254E1,2.481064047E1,5.169346308E1,2.173520595E0,2.133450026E2,2.786270316E0,3.517516340E0
2.649865057E2,6.045688212E1,2.481062729E1,5.136814987E1,2.071847056E0,2.110773638E2,2.805421373E0,3.597293600E0
2.659864639E2,6.045684597E1,2.481061727E1,5.607414837E1,2.520779979E0,2.017389786E2,2.892393809E0,3.337670862E0
2.669864551E2,6.045682174E1,2.481059337E1,5.647947664E1,2.563969050E0,2.016134936E2,2.939508907E0,3.433684690E0
2.679864467E2,6.045679938E1,2.481056595E1,5.436203158E1,2.515971104E0,2.065376824E2,2.952235389E0,3.398420744E0
2.689863997E2,6.045676806E1,2.481055216E1,5.700396645E1,2.614467739E0,2.009673762E2,2.949838093E0,3.456063558E0
2.699863892E2,6.045674322E1,2.481053835E1,5.721713547E1,2.468713416E0,1.979994438E2,2.916898422E0,3.548821906E0
2.709863789E2,6.045672057E1,2.481051466E1,5.750308113E1,2.416888305E0,2.039760033E2,2.898691103E0,3.614224152E0
2.719863261E2,6.045669947E1,2.481047795E1,5.703034293E1,2.500041168E0,2.144966967E2,2.853756540E0,3.740995979E0
2.729863125E2,6.045667329E1,2.481046307E1,5.679598452E1,2.532199740E0,2.066095361E2,2.835161119E0,4.023584581E0
2.739863007E2,6.045665059E1,2.481043234E1,5.493315824E1,2.553077138E0,2.117062778E2,2.859538797E0,3.837942980E0
2.749862500E2,6.045662268E1,2.481039905E1,5.441976380E1,2.622830017E0,2.154106621E2,2.880928696E0,3.761387054E0
2.759861985E2,6.045659483E1,2.481037244E1,5.476574350E1,2.740049350E0,2.148771836E2,2.961034531E0,3.742722120E0
2.769861498E2,6.045657540E1,2.481033968E1,5.484211050E1,2.573665342E0,2.195759890E2,2.957637704E0,3.699206912E0
2.779861025E2,6.045655663E1,2.481029883E1,5.426650884E1,2.636421489E0,2.254991922E2,2.944988978E0,3.737683018E0
2.789860574E2,6.045653262E1,2.481024233E1,5.497689642E1,2.839127775E0,2.322838549E2,2.897739534E0,3.947764152E0
2.799860127E2,6.045651169E1,2.481019214E1,5.461451274E1,2.904466069E0,2.340110716E2,2.869185718E0,3.874910842E0
2.809859695E2,6.045650274E1,2.481013123E1,5.410649806E1,2.915894494E0,2.458235986E2,2.831206461E0,3.702597457E0
2.819859283E2,6.045649311E1,2.481007156E1,5.454043505E1,2.920596230E0,2.522944127E2,2.789646150E0,3.503162163E0
2.829858874E2,6.045648385E1,2.481001100E1,5.223486934E1,2.937321198E0,2.548072643E2,2.750163831E0,3.291495921E0
2.839858482E2,6.045647777E1,2.480995865E1,5.188515337E1,2.784313566E0,2.574627093E2,2.712655615E0,3.201395034E0
2.849858092E2,6.045645178E1,2.480990225E1,5.331835129E1,2.908878502E0,2.468215461E2,2.705418875E0,3.266919850E0
2.859857723E2,6.045643558E1,2.480984880E1,5.449628638E1,2.884652623E0,2.444368793E2,2.670147948E0,3.219771946E0
2.869857345E2,6.045643101E1,2.480980396E1,5.286458524E1,2.611151004E0,2.504899267E2,2.636640547E0,3.093802724E0
2.879856999E2,6.045640924E1,2.480975646E1,5.343386841E1,2.769911173E0,2.398098937E2,2.604808527E0,3.057879045E0
2.889856644E2,6.045639267E1,2.480970433E1,5.373773364E1,2.955012495E0,2.379309666E2,2.593518693E0,3.000000000E0
2.899856296E2,6.045638287E1,2.480965072E1,5.220015263E1,2.976176616E0,2.408438081E2,2.563842748E0,3.068785435E0
2.909855963E2,6.045636373E1,2.480960208E1,5.276126481E1,2.909411595E0,2.362189531E2,2.547525308E0,3.031919815E0
2.919855626E2,6.045634875E1,2.480955101E1,5.283318197E1,2.853811647E0,2.394335161E2,2.555808864E0,3.171740754E0
2.929855310E2,6.045633248E1,2.480949956E1,5.402362114E1,2.844484566E0,2.382237232E2,2.528018437E0,3.293909099E0
2.939854987E2,6.045630916E1,2.480945601E1,5.388555408E1,2.989640473E0,2.290126889E2,2.501617533E0,3.307348951E0
2.949854676E2,6.045629733E1,2.480940568E1,5.251236012E1,2.912536456E0,2.347166760E2,2.476536659E0,3.223318053E0
2.959854363E2,6.045627748E1,2.480935977E1,5.352547627E1,2.919223944E0,2.325472336E2,2.452709808E0,3.224430288E0
2.969854065E2,6.045625877E1,2.480931084E1,5.319099092E1,2.986360559E0,2.324928141E2,2.430074332E0,3.058011287E0
2.979853761E2,6.045623984E1,2.480927086E1,5.264506664E1,2.798005627E0,2.288874416E2,2.408570620E0,3.017591692E0
2.989853470E2,6.045622195E1,2.480922893E1,5.273527385E1,2.782271208E0,2.300272598E2,2.388142100E0,3.000000000E0
2.999853177E2,6.045620757E1,2.480919537E1,5.316931314E1,2.536601376E0,2.300780964E2,2.368735005E0,3.000000000E0
3.009852890E2,6.045618932E1,2.480916131E1,5.291083253E1,2.498857171E0,2.252769187E2,2.350298273E0,3.000000000E0
3.019852601E2,6.045617152E1,2.480912174E1,5.242193228E1,2.738236652E0,2.252776832E2,2.332783370E0,3.000000000E0
3.029852327E2,6.045615571E1,2.480908363E1,5.219509523E1,2.731134284E0,2.273116635E2,2.316144196E0,3.000000000E0
3.039852046E2,6.045613706E1,2.480904280E1,5.178740067E1,2.785799210E0,2.285980693E2,2.300336988E0,3.000000000E0
3.049851766E2,6.045611918E1,2.480900186E1,5.211700353E1,2.771767469E0,2.278993610E2,2.285320138E0,3.000000000E0
3.059851500E2,6.045609834E1,2.480896849E1,5.215387741E1,2.730529535E0,2.218028633E2,2.271054136E0,3.000000000E0
3.069851230E2,6.045608123E1,2.480893305E1,5.231550804E1,2.629940908E0,2.220590275E2,2.257501430E0,3.000000000E0
3.079850955E2,6.045606706E1,2.480888338E1,5.228371273E1,2.834748920E0,2.307863933E2,2.244626359E0,3.000000000E0
3.089850689E2,6.045604949E1,2.480885560E1,5.261027352E1,2.614911869E0,2.246393240E2,2.232395040E0,3.000000000E0
3.099850428E2,6.045602979E1,2.480882466E1,5.257885529E1,2.587344196E0,2.218527296E2,2.220775293E0,3.000000000E0
3.109850167E2,6.045602386E1,2.480880186E1,5.251336884E1,1.244235107E0,2.281877108E2,2.209736521E0,3.000000000E0
3.119849912E2,6.045600443E1,2.480875318E1,5.255344543E1,2.474579132E0,2.305678006E2,2.199249711E0,3.000000000E0
3.129849646E2,6.045599308E1,2.480873505E1,5.213432395E1,1.270260746E0,2.284120727E2,2.189287211E0,3.000000000E0
3.139849391E2,6.045597294E1,2.480869682E1,5.225091632E1,1.517938232E0,2.269904944E2,2.203681515E0,3.000000000E0
3.149849125E2,6.045595562E1,2.480867243E1,5.213304529E1,1.493425878E0,2.196258514E2,2.193497436E0,3.000000000E0
3.159848874E2,6.045594168E1,2.480863775E1,5.167214508E1,1.257581108E0,2.251404171E2,2.183822548E0,3.000000000E0
3.169848623E2,6.045592373E1,2.480858925E1,5.098438433E1,2.252801724E0,2.297494276E2,2.194162520E0,3.000000000E0
3.179848377E2,6.045590999E1,2.480856374E1,5.229476595E1,1.653047683E0,2.288035973E2,2.184454397E0,3.000000000E0
3.189848120E2,6.045589289E1,2.480852677E1,5.261427066E1,1.861933911E0,2.295496061E2,2.175231682E0,3.000000000E0
3.199847871E2,6.045587758E1,2.480849636E1,5.229656078E1,1.432712447E0,2.287516190E2,2.194143422E0,3.000000000E0
3.209847622E2,6.045585723E1,2.480844800E1,5.196707628E1,1.902411325E0,2.317583777E2,2.232262092E0,3.000000000E0
3.219847379E2,6.045583971E1,2.480841610E1,5.223445115E1,1.709583584E0,2.275462117E2,2.237714021E0,3.000000000E0
3.229847133E2,6.045580237E1,2.480834382E1,5.168200480E1,3.775563193E0,2.254224604E2,2.306903505E0,3.000000000E0
3.239846882E2,6.045578277E1,2.480830055E1,5.143960284E1,3.334761206E0,2.266029077E2,2.315042134E0,3.000000000E0
3.249846637E2,6.045576267E1,2.480826706E1,5.190596383E1,2.945783172E0,2.252711492E2,2.325469765E0,3.000000000E0
3.259846398E2,6.045573934E1,2.480822513E1,5.145178471E1,3.049840629E0,2.276552609E2,2.316203819E0,3.000000000E0
3.269846150E2,6.045571855E1,2.480818681E1,5.159694046E1,2.882826641E0,2.274619545E2,2.300393625E0,3.000000000E0
3.279845903E2,6.045569691E1,2.480814629E1,5.153995353E1,2.849161477E0,2.263893077E2,2.297253690E0,3.000000000E0
3.289845666E2,6.045567464E1,2.480810238E1,5.174254826E1,2.925134115E0,2.273242636E2,2.282391007E0,3.000000000E0
3.299845421E2,6.045565497E1,2.480806139E1,5.211123547E1,2.851468371E0,2.278386380E2,2.268271468E0,3.000000000E0
3.309845179E2,6.045563263E1,2.480802083E1,5.179019722E1,2.902650773E0,2.246075842E2,2.254857886E0,3.000000000E0
3.319844942E2,6.045560766E1,2.480796639E1,5.231830797E1,3.317714104E0,2.262349982E2,2.242115002E0,3.000000000E0
3.329844698E2,6.045558855E1,2.480792328E1,5.196870516E1,3.038669230E0,2.243137887E2,2.230009252E0,3.000000000E0
3.339844452E2,6.045557170E1,2.480787842E1,5.116412371E1,2.915668161E0,2.269200233E2,2.218508775E0,3.000000000E0
3.349844218E2,6.045555067E1,2.480783561E1,5.111868647E1,2.920076484E0,2.285725348E2,2.207583336E0,3.000000000E0
3.359843980E2,6.045553026E1,2.480779576E1,5.090716911E1,2.849967827E0,2.273518590E2,2.197204180E0,3.000000000E0
3.369843739E2,6.045550835E1,2.480775531E1,5.123130049E1,2.923860777E0,2.251169495E2,2.187343975E0,3.000000000E0
3.379843497E2,6.045548990E1,2.480770556E1,5.064066313E1,3.014380193E0,2.291423136E2,2.177976764E0,3.000000000E0
3.389843260E2,6.045546759E1,2.480767022E1,5.104911721E1,2.924094734E0,2.261240140E2,2.169077918E0,3.000000000E0
3.399843020E2,6.045544761E1,2.480762936E1,5.101219738E1,2.920832677E0,2.261859536E2,2.160624029E0,3.000000000E0
3.409842783E2,6.045543021E1,2.480758462E1,5.144902829E1,2.923430461E0,2.262938895E2,2.152592834E0,3.000000000E0
3.419842548E2,6.045541191E1,2.480754855E1,5.153658619E1,2.812322017E0,2.234564422E2,2.144963201E0,3.000000000E0
3.429842308E2,6.045539462E1,2.480750218E1,5.086978574E1,2.917750755E0,2.268772152E2,2.137715048E0,3.000000000E0
3.439842067E2,6.045537334E1,2.480746193E1,5.062542350E1,2.967754772E0,2.262634844E2,2.130829297E0,3.000000000E0
3.449841831E2,6.045535375E1,2.480741902E1,5.042963294E1,2.958038000E0,2.269561746E2,2.124287830E0,3.000000000E0
3.459841597E2,6.045533349E1,2.480737493E1,5.025450152E1,3.046555836E0,2.280946709E2,2.118073427E0,3.000000000E0
3.469841360E2,6.045531439E1,2.480733402E1,5.075328042E1,2.922725201E0,2.283823621E2,2.112169743E0,3.000000000E0
3.479841127E2,6.045529474E1,2.480728982E1,5.037217334E1,2.919476699E0,2.282315987E2,2.106561253E0,3.000000000E0
3.489840890E2,6.045527309E1,2.480725504E1,5.121628772E1,2.894083758E0,2.238699358E2,2.101233186E0,3.000000000E0
3.499840652E2,6.045525345E1,2.480721616E1,5.128144609E1,2.822187042E0,2.235990413E2,2.096171520E0,3.000000000E0
3.509840416E2,6.045523259E1,2.480716814E1,5.147180660E1,3.018988308E0,2.269046597E2,2.091362943E0,3.000000000E0
3.519840178E2,6.045521591E1,2.480712343E1,5.145337787E1,2.878460465E0,2.301285171E2,2.086794802E0,3.000000000E0
3.529839940E2,6.045519330E1,2.480707492E1,5.140630560E1,3.144607872E0,2.283890263E2,2.082455058E0,3.000000000E0
3.539839708E2,6.045517225E1,2.480702968E1,5.069768081E1,3.217425370E0,2.278723275E2,2.078332300E0,3.000000000E0
3.549839472E2,6.045515250E1,2.480699768E1,5.099504840E1,2.953583730E0,2.226869509E2,2.074415692E0,3.000000000E0
3.559839236E2,6.045513254E1,2.480695387E1,5.132908973E1,2.984840663E0,2.247444225E2,2.070694907E0,3.000000000E0
3.569839001E2,6.045511035E1,2.480691050E1,5.159499180E1,3.063547379E0,2.244684024E2,2.067160158E0,3.000000000E0
3.579838769E2,6.045509139E1,2.480687170E1,5.115729250E1,2.923060949E0,2.244611291E2,2.063802145E0,3.000000000E0
3.589838535E2,6.045506933E1,2.480682875E1,5.181930210E1,2.987096711E0,2.271233951E2,2.060612025E0,3.000000000E0
3.599838302E2,6.045505307E1,2.480679093E1,5.174253725E1,2.797794441E0,2.271712609E2,2.057581421E0,3.000000000E0
3.609838055E2,6.045503457E1,2.480674738E1,5.178122860E1,2.844180376E0,2.279393189E2,2.054702349E0,3.000000000E0
3.619837831E2,6.045501820E1,2.480670099E1,5.123564874E1,2.925094936E0,2.316269618E2,2.051967234E0,3.000000000E0
3.629837593E2,6.045500438E1,2.480665821E1,5.116892975E1,2.814728783E0,2.312390837E2,2.049368878E0,3.000000000E0
3.639837356E2,6.045498236E1,2.480661801E1,5.127470931E1,2.880697991E0,2.264988822E2,2.046900426E0,3.000000000E0
3.649837118E2,6.045496759E1,2.480657279E1,5.112085051E1,2.865170514E0,2.299269091E2,2.044555407E0,3.000000000E0
3.659836901E2,6.045495416E1,2.480653885E1,5.071479877E1,2.577653002E0,2.288657693E2,2.042327651E0,3.000000000E0
3.669836655E2,6.045493822E1,2.480650864E1,5.062240618E1,2.397304752E0,2.255565943E2,2.040211286E0,3.000000000E0
3.679836423E2,6.045492366E1,2.480647240E1,5.148736880E1,2.444393412E0,2.285264886E2,2.038200744E0,3.000000000E0
3.689836178E2,6.045491945E1,2.480641920E1,5.196545905E1,2.511347642E0,2.438199606E2,2.036290711E0,3.000000000E0
3.699835943E2,6.045493082E1,2.480635644E1,5.178687056E1,2.837081591E0,2.698400438E2,2.034476148E0,3.000000000E0
3.709835716E2,6.045494149E1,2.480629569E1,5.066059779E1,3.126576191E0,2.843590085E2,2.032752334E0,3.000000000E0
3.719835483E2,6.045496662E1,2.480624796E1,4.966544150E1,3.440828320E0,3.022045078E2,2.031114671E0,3.000000000E0
3.729835249E2,6.045498433E1,2.480620972E1,5.015332617E1,3.007197883E0,3.091618971E2,2.029558925E0,3.000000000E0
3.739835007E2,6.045499734E1,2.480616698E1,5.137483631E1,2.781955424E0,3.080035559E2,2.028080971E0,3.000000000E0
3.749834775E2,6.045500096E1,2.480612915E1,4.919121254E1,2.329361197E0,2.974999546E2,2.026676939E0,3.000000000E0
3.759834540E2,6.045501009E1,2.480609431E1,4.769260168E1,2.157101194E0,2.944876889E2,2.025343095E0,3.000000000E0
3.769834307E2,6.045502446E1,2.480605720E1,4.683437702E1,2.324642288E0,2.978857914E2,2.024075920E0,3.000000000E0
3.779834069E2,6.045503738E1,2.480601366E1,4.728268983E1,2.417368997E0,3.005768806E2,2.022872113E0,3.000000000E0
3.789833838E2,6.045505111E1,2.480596451E1,4.825179992E1,2.655822904E0,3.011515042E2,2.021728500E0,3.000000000E0
3.799833606E2,6.045506092E1,2.480589664E1,4.903577495E1,2.950246879E0,2.944807618E2,2.020642102E0,3.000000000E0
3.809833374E2,6.045507270E1,2.480585555E1,4.886943863E1,2.733981432E0,2.968888861E2,2.019609975E0,3.000000000E0
3.819833142E2,6.045508630E1,2.480582687E1,4.789362873E1,2.457736732E0,3.034082984E2,2.018629465E0,3.000000000E0
3.829832901E2,6.045509941E1,2.480578195E1,4.822400846E1,2.551080128E0,3.045239455E2,2.017697984E0,3.000000000E0
3.839832667E2,6.045511078E1,2.480572970E1,4.944509542E1,2.585126790E0,3.038080426E2,2.022757623E0,3.000000000E0
3.849832432E2,6.045511624E1,2.480567496E1,5.039010399E1,2.685550945E0,2.922224529E2,2.021619721E0,3.000000000E0
3.859832200E2,6.045513307E1,2.480564329E1,4.930191438E1,2.527623578E0,3.020533813E2,2.020538745E0,3.000000000E0
3.869861929E2,6.045514840E1,2.480560976E1,4.857577815E1,2.514691915E0,3.075172213E2,2.019511797E0,3.000000000E0
3.879862093E2,6.045515759E1,2.480555448E1,4.872617262E1,2.762952003E0,2.988335293E2,2.019511771E0,3.000000000E0
3.889861870E2,6.045517151E1,2.480551295E1,4.857365119E1,2.774364823E0,3.005980434E2,2.018536201E0,3.000000000E0
3.899861947E2,6.045518075E1,2.480546583E1,4.928193272E1,2.701981326E0,2.974993686E2,2.017609368E0,3.000000000E0
3.909862031E2,6.045519601E1,2.480541997E1,4.950748714E1,2.698137234E0,3.007431382E2,2.016728928E0,3.000000000E0
3.919861721E2,6.045520726E1,2.480537203E1,4.995659771E1,2.731471506E0,2.984627842E2,2.015892467E0,3.000000000E0
3.929861720E2,6.045521662E1,2.480533358E1,4.978540253E1,2.506137479E0,2.976379931E2,2.015097815E0,3.000000000E0
3.939861718E2,6.045522620E1,2.480529325E1,4.951811797E1,2.457857504E0,2.955531378E2,2.014342905E0,3.000000000E0
3.949861299E2,6.045523950E1,2.480525543E1,4.823501763E1,2.486773171E0,3.008159173E2,2.013625768E0,3.000000000E0
3.959861264E2,6.045524964E1,2.480520691E1,4.976048185E1,2.679998768E0,2.953184426E2,2.012944498E0,3.000000000E0
3.969861220E2,6.045525900E1,2.480516460E1,4.934160953E1,2.597923463E0,2.941608958E2,2.012297262E0,3.000000000E0
3.979860779E2,6.045527074E1,2.480510804E1,5.041859760E1,2.854801668E0,2.927730911E2,2.011682371E0,3.000000000E0
3.989860710E2,6.045529140E1,2.480507101E1,5.035429832E1,2.845603353E0,3.060883388E2,2.011098293E0,3.000000000E0
3.999860654E2,6.045530571E1,2.480503138E1,5.020104446E1,2.689321257E0,3.078298158E2,2.010543389E0,3.000000000E0
4.009860204E2,6.045531704E1,2.480499433E1,4.897149478E1,2.503268072E0,3.070641281E2,2.010016202E0,3.000000000E0
4.019859734E2,6.045532750E1,2.480494720E1,4.884637741E1,2.452680997E0,3.029065375E2,2.009515388E0,3.000000000E0
4.029859281E2,6.045533802E1,2.480488799E1,5.017096963E1,2.676669416E0,2.983332683E2,2.009039632E0,3.000000000E0
4.039858841E2,6.045534792E1,2.480483700E1,5.023469552E1,2.746074167E0,2.948075215E2,2.008587657E0,3.000000000E0
4.049858403E2,6.045535875E1,2.480479526E1,5.052255365E1,2.664123767E0,2.948921766E2,2.008158279E0,3.000000000E0
4.059857985E2,6.045536885E1,2.480475189E1,5.021520136E1,2.589944787E0,2.964723924E2,2.007750354E0,3.000000000E0
4.069857578E2,6.045538168E1,2.480470745E1,4.999048461E1,2.593665907E0,2.983652240E2,2.011617405E0,3.000000000E0
4.079857179E2,6.045539416E1,2.480467330E1,4.970224520E1,2.446791309E0,3.012154181E2,2.011036527E0,3.000000000E0
4.089856794E2,6.045540675E1,2.480463565E1,4.954960306E1,2.471355822E0,3.032998858E2,2.010484695E0,3.000000000E0
4.099856409E2,6.045541693E1,2.480458245E1,5.036253046E1,2.729676730E0,2.972320496E2,2.009960452E0,3.000000000E0
4.109856030E2,6.045542864E1,2.480454383E1,5.035787471E1,2.601116776E0,2.969383426E2,2.009462433E0,3.000000000E0
4.119855671E2,6.045543931E1,2.480450281E1,5.009588664E1,2.621546079E0,2.945217202E2,2.008989323E0,3.000000000E0
4.129855307E2,6.045545465E1,2.480446155E1,4.955505225E1,2.661617330E0,3.003273893E2,2.008539859E0,3.000000000E0
4.139854966E2,6.045546714E1,2.480442213E1,4.975922393E1,2.574118851E0,3.033023992E2,2.011964759E0,3.000000000E0
4.149854614E2,6.045547405E1,2.480437853E1,4.897030650E1,2.468348202E0,2.968276693E2,2.021003592E0,3.000000000E0
4.159854279E2,6.045548343E1,2.480433235E1,4.914277841E1,2.526197119E0,2.948668686E2,2.019953400E0,3.000000000E0
4.169853945E2,6.045549313E1,2.480429222E1,4.925380983E1,2.415251599E0,2.952831970E2,2.018955734E0,3.000000000E0
4.179853613E2,6.045550144E1,2.480424261E1,4.998045567E1,2.574485626E0,2.921883839E2,2.018007945E0,3.000000000E0
4.189853297E2,6.045551634E1,2.480419765E1,4.934359495E1,2.650181419E0,2.978104829E2,2.017107547E0,3.000000000E0
4.199852962E2,6.045553151E1,2.480416865E1,4.860675451E1,2.517076361E0,3.057721735E2,2.016252160E0,3.000000000E0
4.209852653E2,6.045554024E1,2.480411915E1,4.941143264E1,2.735403686E0,2.963847309E2,2.015439552E0,3.000000000E0
4.219852344E2,6.045554913E1,2.480407532E1,4.931329619E1,2.663661480E0,2.941087440E2,2.014667583E0,3.000000000E0
4.229852037E2,6.045556316E1,2.480403463E1,5.029268126E1,2.689359645E0,2.981553096E2,2.013934194E0,3.000000000E0
4.239851731E2,6.045557337E1,2.480399387E1,4.965786966E1,2.672732986E0,2.951549161E2,2.013237488E0,3.000000000E0
4.249851443E2,6.045558917E1,2.480394484E1,4.966539867E1,2.805717994E0,2.980866137E2,2.012575606E0,3.000000000E0
4.259851140E2,6.045560213E1,2.480390294E1,4.940074374E1,2.800993933E0,3.007750723E2,2.011946797E0,3.000000000E0
4.269850839E2,6.045561246E1,2.480385817E1,5.007672607E1,2.765033839E0,2.987234476E2,2.011349465E0,3.000000000E0
4.279850549E2,6.045562045E1,2.480381292E1,5.040298316E1,2.668682966E0,2.942491406E2,2.010781995E0,3.000000000E0
4.289850260E2,6.045563088E1,2.480376891E1,5.027158714E1,2.659982746E0,2.943130278E2,2.010242881E0,3.000000000E0
4.299849973E2,6.045564576E1,2.480372991E1,5.011220449E1,2.678603601E0,3.017592652E2,2.011033235E0,3.000000000E0
4.309849691E2,6.045565667E1,2.480368593E1,5.015287517E1,2.705745965E0,3.013996152E2,2.010772669E0,3.000000000E0
4.319849408E2,6.045566902E1,2.480363452E1,5.143056743E1,2.851400959E0,2.999521482E2,2.010234039E0,3.000000000E0
4.329849124E2,6.045567762E1,2.480359331E1,5.141211374E1,2.618357549E0,2.968450234E2,2.009722356E0,3.000000000E0
4.339848843E2,6.045568601E1,2.480354728E1,5.162789864E1,2.620590225E0,2.928096263E2,2.009236246E0,3.000000000E0
4.349848568E2,6.045569838E1,2.480350544E1,5.124611661E1,2.633041478E0,2.968714616E2,2.008774430E0,3.000000000E0
4.359848293E2,6.045571045E1,2.480347093E1,5.004008460E1,2.532735990E0,3.015238212E2,2.008335689E0,3.000000000E0
4.369848014E2,6.045571761E1,2.480342320E1,5.022773007E1,2.551066626E0,2.967151343E2,2.007918908E0,3.000000000E0
4.379847746E2,6.045572769E1,2.480337520E1,4.996271673E1,2.736111948E0,2.954178418E2,2.022010913E0,3.000000000E0
4.389847469E2,6.045573912E1,2.480333155E1,5.067318702E1,2.731139584E0,2.973188210E2,2.062805547E0,3.000000000E0
4.399847206E2,6.045574819E1,2.480329084E1,5.023471475E1,2.609174694E0,2.959314131E2,2.080994045E0,3.000000000E0
4.409846940E2,6.045575903E1,2.480324857E1,4.964674539E1,2.562800829E0,2.989520480E2,2.076944339E0,3.000000000E0
4.419846663E2,6.045576885E1,2.480320742E1,5.014448142E1,2.552936203E0,2.992475014E2,2.100473592E0,3.000000000E0
4.429846394E2,6.045577397E1,2.480316209E1,5.044362494E1,2.438458175E0,2.926928262E2,2.095449922E0,3.000000000E0
4.439846134E2,6.045578400E1,2.480312448E1,5.038071018E1,2.331819223E0,2.966573683E2,2.090677428E0,3.000000000E0
4.449845876E2,6.045579304E1,2.480307670E1,5.081591048E1,2.558727538E0,2.947167402E2,2.086143551E0,3.000000000E0